{
  "C:\\Users\\Casas\\repos\\csharp-Search-Engine\\test_files\\csv_test.csv": {
    "test": 0.0717001319032399,
    "word": 1.4903944800499491,
    "1": 0.9961660787167883,
    "hello": 1.4903944800499491,
    "2": 0.9961660787167883,
    "world": 1.4903944800499491,
    "3": 0.9961660787167883,
    "hawaii": 0.7229009622147895,
    "4": 1.4903944800499491,
    "5": 1.4903944800499491
  },
  "C:\\Users\\Casas\\repos\\csharp-Search-Engine\\test_files\\html_test.html": {
    "html": 2.9032297536837968,
    "test": 0.13966903331362485
  },
  "C:\\Users\\Casas\\repos\\csharp-Search-Engine\\test_files\\json_file.json": {
    "test": 0.08638945862199847,
    "1": 1.2002523001502843,
    "test2": 0.7825808389238524,
    "test3": 0.7825808389238524,
    "test4": 0.7825808389238524,
    "2": 1.2002523001502843,
    "test5": 0.7825808389238524,
    "3": 0.7825808389238524,
    "hawaii": 0.7576860609852989,
    "test6": 0.7825808389238524,
    "test7": 0.7825808389238524,
    "test8": 0.7825808389238524
  },
  "C:\\Users\\Casas\\repos\\csharp-Search-Engine\\test_files\\pdf_test.pdf": {
    "test": 0.1523545300490753,
    "pdf": 1.8512971792548694,
    "hawaii": 0.5309918278510426
  },
  "C:\\Users\\Casas\\repos\\csharp-Search-Engine\\test_files\\text_file.txt": {
    "text": 2.165998273734711,
    "file": 2.165998273734711,
    "test": 0.13338439581730996
  },
  "C:\\Users\\Casas\\repos\\csharp-Search-Engine\\test_files\\xml_test.xml": {
    "xml": 1.1708430827391827,
    "test": 0.1440503103332544,
    "test2": 0.7825808389238524,
    "hawaii": 0.5150551440225424,
    "test3": 0.7825808389238524,
    "test4": 0.7825808389238524,
    "test5": 0.7825808389238524,
    "test6": 0.7825808389238524,
    "test7": 0.7825808389238524,
    "test8": 0.7825808389238524,
    "test9": 1.1708430827391827
  }
}