{
  "C:\\Users\\Casas\\repos\\csharp-Search-Engine\\test_files\\csv_test.csv": {
    "test": 0.11137268638510107,
    "word": 0.187730247374614,
    "1": 0.1539414883656003,
    "hello": 0.187730247374614,
    "2": 0.1539414883656003,
    "world": 0.187730247374614,
    "3": 0.1539414883656003,
    "hawaii": 0.33411805915530324,
    "4": 0.187730247374614,
    "5": 0.187730247374614
  },
  "C:\\Users\\Casas\\repos\\csharp-Search-Engine\\test_files\\html_test.html": {
    "html": 1.126381484247684,
    "test": 0.6682361183106065
  },
  "C:\\Users\\Casas\\repos\\csharp-Search-Engine\\test_files\\json_file.json": {
    "test": 0.14068128806539082,
    "1": 0.19445240635654776,
    "test2": 0.09722620317827388,
    "test3": 0.09722620317827388,
    "test4": 0.09722620317827388,
    "2": 0.19445240635654776,
    "test5": 0.09722620317827388,
    "3": 0.09722620317827388,
    "hawaii": 0.35170322016347705,
    "test6": 0.09722620317827388,
    "test7": 0.09722620317827388,
    "test8": 0.09722620317827388
  },
  "C:\\Users\\Casas\\repos\\csharp-Search-Engine\\test_files\\pdf_test.pdf": {
    "test.": 0.5277993886820581,
    "pdf": 0.32182328121362397,
    "test,": 0.6436465624272479,
    "tests.": 0.32182328121362397,
    "hawaii": 0.19092460523160185
  },
  "C:\\Users\\Casas\\repos\\csharp-Search-Engine\\test_files\\text_file.txt": {
    "text": 0.563190742123842,
    "file.": 0.563190742123842,
    "test.": 0.4618244650968009,
    "testing.": 0.563190742123842
  },
  "C:\\Users\\Casas\\repos\\csharp-Search-Engine\\test_files\\xml_test.xml": {
    "xml": 0.118566472026072,
    "test": 0.5627251522615633,
    "test2": 0.09722620317827388,
    "hawaii": 0.14068128806539082,
    "test3": 0.09722620317827388,
    "test4": 0.09722620317827388,
    "test5": 0.09722620317827388,
    "test6": 0.09722620317827388,
    "test7": 0.09722620317827388,
    "test8": 0.09722620317827388,
    "test9": 0.118566472026072
  }
}